{
  "project_info": {
    "project_number": "1068130879047",
    "project_id": "bingo-star-5c8c0",
    "storage_bucket": "bingo-star-5c8c0.appspot.com"
  },
  "client": [
    {
      "client_info": {
        "mobilesdk_app_id": "1:1068130879047:android:45979a23afc00dec299362",
        "android_client_info": {
          "package_name": "hhfgfd.ttred.ssswer.nnbvxcc"
        }
      },
      "oauth_client": [
        {
          "client_id": "1068130879047-nk78eojjmhpd3f4l21e6qvgolfllhi4f.apps.googleusercontent.com",
          "client_type": 1,
          "android_info": {
            "package_name": "hhfgfd.ttred.ssswer.nnbvxcc",
            "certificate_hash": "edd7f80ca7fd82420191f4e7452362f53db4ff00"
          }
        },
        {
          "client_id": "1068130879047-8f7bonms3ka7bpp6j8tec52crf4idl72.apps.googleusercontent.com",
          "client_type": 3
        }
      ],
      "api_key": [
        {
          "current_key": "AIzaSyDAum9rrM0fxYIBx1l22Rdisgys1xMf-5g"
        }
      ],
      "services": {
        "appinvite_service": {
          "other_platform_oauth_client": [
            {
              "client_id": "1068130879047-8f7bonms3ka7bpp6j8tec52crf4idl72.apps.googleusercontent.com",
              "client_type": 3
            }
          ]
        }
      }
    }
  ],
  "configuration_version": "1"
}